activity_id,title,start_datetime_raw,start_datetime_iso,location,description,url,source,source_confidence,status,last_seen_at
d63e0392e576e7ed,"(17 and 24 Apr 2026, Friday) Fengshan SCEC/AAC/YN - Nintendo Switch workshop",17 Apr 2026 - 24 Apr 2026 2:30 PM - 4:30 PM,,Fengshan CC,"(17 and 24 Apr 2026, Friday) Fengshan SCEC/AAC/YN - Nintendo Switch workshop",https://www.onepa.gov.sg/events/17-and-24-apr-2026-friday-fengshan-scec-aac-yn-nintendo-switch-workshop-26530461,onepa,high,undated,2026-03-18T03:26:08.279465+00:00
48352d0e9314f33b,(Cheng San AAC) Free Hair Cut for Seniors- Apr 2026,24 Apr 2026 2:00 PM - 4:00 PM,,Cheng San CC,(Cheng San AAC) Free Hair Cut for Seniors- Apr 2026,https://www.onepa.gov.sg/events/cheng-san-aac-free-hair-cut-for-seniors-apr-2026-69238788,onepa,high,undated,2026-03-18T03:26:08.249029+00:00
9399908426e7c759,(Cheng San AAC) Project 100 Seniors,01 Dec 2025 - 01 Nov 2026 9:00 AM - 5:00 PM,,Cheng San CC,(Cheng San AAC) Project 100 Seniors,https://www.onepa.gov.sg/events/cheng-san-aac-project-100-seniors-20028085,onepa,high,undated,2026-03-18T03:26:08.182586+00:00
bbf3c5734cbefd11,(Cheng San Palm RN) LEARN DIGITAL 2026 @ Cheng San Palm RN,15 Feb 2026 - 20 Dec 2026 9:30 AM - 11:30 AM,,Cheng San CC,(Cheng San Palm RN) LEARN DIGITAL 2026 @ Cheng San Palm RN,https://www.onepa.gov.sg/events/cheng-san-palm-rn-learn-digital-2026-cheng-san-palm-rn-93614799,onepa,high,undated,2026-03-18T03:26:08.240052+00:00
b696670380982ded,(Grandeur RN) PA Learn Digital Workshop at Grandeur RN,17 May 2026 10:00 AM - 12:00 PM,,Teck Ghee Grandeur RN,(Grandeur RN) PA Learn Digital Workshop at Grandeur RN,https://www.onepa.gov.sg/events/grandeur-rn-pa-learn-digital-workshop-at-grandeur-rn-50591041,onepa,high,undated,2026-03-18T03:26:08.313541+00:00
273e1626eb2b4372,101 best things to do in Singapore,,,Singapore,Time Out Singapore things-to-do/event listing,https://www.timeout.com/singapore/things-to-do/101-things-to-do-in-singapore-sightseeing,timeoutsg,low,undated,2026-03-18T03:26:15.037060+00:00
006f152ae3a4dafe,20260227 -20260731 - Friday Karaoke session,27 Feb 2026 - 31 Jul 2026 7:00 PM - 9:30 PM,,Clementi Zone 1 RC,20260227 -20260731 - Friday Karaoke session,https://www.onepa.gov.sg/events/20260227-20260731-friday-karaoke-session-63014800,onepa,high,undated,2026-03-18T03:26:08.209875+00:00
a6d2e2e30dbcd8ed,22 hidden gems you never knew existed in Singapore,,,Singapore,Time Out Singapore things-to-do/event listing,https://www.timeout.com/singapore/things-to-do/9-hidden-gems-you-never-knew-existed-in-singapore,timeoutsg,low,undated,2026-03-18T03:26:15.037060+00:00
c2ac67473cc65db1,24OWLS Presents: Mechatok — Wide Awake Tour,,,Pasir Panjang Power Station A,Eventbrite listing for seniors-related activities,https://www.eventbrite.sg/e/24owls-presents-mechatok-wide-awake-tour-tickets-1983051535525?aff=ebdssbdestsearch,eventbrite,medium,undated,2026-03-18T03:25:23.530709+00:00
c8900721ab103bd3,AAC Coffee Morning Afternoon Tea (April 2026),06 Apr 2026 9:30 AM - 1:30 PM,,Toa Payoh West CC,AAC Coffee Morning Afternoon Tea (April 2026),https://www.onepa.gov.sg/events/aac-coffee-morning-afternoon-tea-april-2026-17079124,onepa,high,undated,2026-03-18T03:26:08.246029+00:00
b6a7d4fb1adb84e5,AAC Floor Curling for Seniors 乐龄地壶球游戏 -27.03.26,27 Mar 2026 2:30 PM - 4:30 PM,,Toa Payoh Central CC,AAC Floor Curling for Seniors 乐龄地壶球游戏 -27.03.26,https://www.onepa.gov.sg/events/aac-floor-curling-for-seniors-27-03-26-31411491,onepa,high,undated,2026-03-18T03:26:08.264115+00:00
72447fc5234618a7,ADEX BIG BLUE LEGACY (SINGAPORE OCEAN WEEK) 2026,,,Suntec Singapore Convention & Exhibition Centre,Eventbrite listing for seniors-related activities,https://www.eventbrite.sg/e/adex-big-blue-legacy-singapore-ocean-week-2026-tickets-1343395083859?aff=ebdssbdestsearch,eventbrite,medium,undated,2026-03-18T03:25:23.530709+00:00
6be8886fce7c7683,Abishek Wants To Enjoy Life- A Comedy Special Live Singapore,,,Stephen Riady Auditorium @NTUC,Eventbrite listing for seniors-related activities,https://www.eventbrite.com.au/e/abishek-wants-to-enjoy-life-a-comedy-special-live-singapore-tickets-1980441451694?aff=ebdssbdestsearch,eventbrite,medium,undated,2026-03-18T03:25:23.530709+00:00
5c6989106a1c1906,About,,,Singapore,Show all results About Back About Digital for Life Movement & Fund Our Programmes and Projects Our Digital Ambassadors Our Partners News Releases Contact Us Learn Back Learn Events Resources Contribute Back Contribute Start a Project Partner with Us Volunteer Donate Be Inspired O,https://www.digitalforlife.gov.sg/,digitalforlife,low,undated,2026-03-18T03:26:18.217696+00:00
5196e132e857df39,About HealthHub,,,Singapore,About HealthHub Join Our Community Privacy Policy Terms of Use Contact Us © 2026 Ministry of Health Singapore. All rights reserved.,https://www.healthhub.sg/about-healthhub,healthhub,low,undated,2026-03-18T03:26:22.308707+00:00
35f86a16dc131985,Active Ageing,,,Singapore,Age Well SG active ageing programme/location reference,https://www.agewellsg.gov.sg/active-ageing/,agewellsg,low,undated,2026-03-18T03:25:25.971927+00:00
80bc8f07adb53796,Active Ageing Centre,,,Singapore,Lions Befrienders programme/news entry,https://www.lionsbefrienders.org.sg/active-ageing-centre/,lionsbefrienders,low,undated,2026-03-18T03:25:30.030821+00:00
f414c1e793ec3544,ActiveSG Courts @ Farrer Park: Eight new pickleball courts open at Little India Bus Terminal,,,Singapore,Time Out Singapore things-to-do/event listing,https://www.timeout.com/singapore/news/activesg-courts-farrer-park-eight-new-pickleball-courts-open-at-little-india-bus-terminal-031626,timeoutsg,low,undated,2026-03-18T03:26:15.036060+00:00
57295e319fafc571,Admiralty Zone 5 RN - Dance-Fit Club (Jan - Dec 2026),07 Jan 2026 - 30 Dec 2026 7:30 PM - 9:30 PM,,Admiralty Zone 5 RN,Admiralty Zone 5 RN - Dance-Fit Club (Jan - Dec 2026),https://www.onepa.gov.sg/events/admiralty-zone-5-rn-dance-fit-club-jan-dec-2026-44567914,onepa,high,undated,2026-03-18T03:26:08.161580+00:00
145b659ed98a17bf,BBE SCEC QIGONG - APR 2026,03 Apr 2026 - 29 Apr 2026 9:00 AM - 10:30 AM,,Bukit Batok East CC,BBE SCEC QIGONG - APR 2026,https://www.onepa.gov.sg/events/bbe-scec-qigong-apr-2026-48792883,onepa,high,undated,2026-03-18T03:26:08.310542+00:00
17fea03069a69ed9,BBE SCEC QIGONG - JUN 2026,05 Jun 2026 - 26 Jun 2026 9:00 AM - 10:30 AM,,Bukit Batok East CC,BBE SCEC QIGONG - JUN 2026,https://www.onepa.gov.sg/events/bbe-scec-qigong-jun-2026-46535071,onepa,high,undated,2026-03-18T03:26:08.229842+00:00
2254c124e96efa17,BBE SCEC QIGONG - MAY 2026,06 May 2026 - 29 May 2026 8:00 AM - 10:30 AM,,Bukit Batok East CC,BBE SCEC QIGONG - MAY 2026,https://www.onepa.gov.sg/events/bbe-scec-qigong-may-2026-75212716,onepa,high,undated,2026-03-18T03:26:08.310542+00:00
30a55bdb9a1e1fc5,BBE Zone 7- 23 April 2026 Have You Made Your CPF Nomination?,23 Apr 2026 6:00 PM - 8:00 PM,,Bukit Batok Zone 7 RN,BBE Zone 7- 23 April 2026 Have You Made Your CPF Nomination?,https://www.onepa.gov.sg/events/bbe-zone-7-23-april-2026-have-you-made-your-cpf-nomination-97432622,onepa,high,undated,2026-03-18T03:26:08.241030+00:00
521d7b9ca8e792d5,BBZ3RN Karaoke Hall Singing (Apr 2026),01 Apr 2026 - 30 Apr 2026 9:00 AM - 5:00 PM,,Bukit Batok Zone 3 RN,BBZ3RN Karaoke Hall Singing (Apr 2026),https://www.onepa.gov.sg/events/bbz3rn-karaoke-hall-singing-apr-2026-96218633,onepa,high,undated,2026-03-18T03:26:08.243033+00:00
1ae6c7e8f9bab1ee,BBZ3RN Karaoke Hall Singing (Mar2026),01 Mar 2026 - 31 Mar 2026 9:00 AM - 5:00 PM,,Bukit Batok Zone 3 RN,BBZ3RN Karaoke Hall Singing (Mar2026),https://www.onepa.gov.sg/events/bbz3rn-karaoke-hall-singing-mar2026-27859042,onepa,high,undated,2026-03-18T03:26:08.215843+00:00
642598c8d7bca222,BEZ5 : KARAOKE BOOKING FOR MARCH 2026,16 Mar 2026 - 31 Mar 2026 9:00 AM - 10:00 PM,,Bishan East Zone 5 RN,BEZ5 : KARAOKE BOOKING FOR MARCH 2026,https://www.onepa.gov.sg/events/bez5-karaoke-booking-for-march-2026-48299499,onepa,high,undated,2026-03-18T03:26:08.301730+00:00
1535a442e3ae15e2,BEZ5 Line Dance April 26,11 Apr 2026 2:00 PM - 6:00 PM,,Bishan East Zone 5 RN,BEZ5 Line Dance April 26,https://www.onepa.gov.sg/events/bez5-line-dance-april-26-20230374,onepa,high,undated,2026-03-18T03:26:08.290471+00:00
131be10f8c3fb851,BG AAC Brisk Morning Walk (Mar'26),29 Mar 2026 6:00 AM - 10:00 AM,,Hillview CC,BG AAC Brisk Morning Walk (Mar'26),https://www.onepa.gov.sg/events/bg-aac-brisk-morning-walk-mar-26-56182003,onepa,high,undated,2026-03-18T03:26:08.287481+00:00
dd3e582ad4f5a82f,BLAAC Senior Day,18 Mar 2026 1:00 PM - 3:00 PM,,Boon Lay CC,BLAAC Senior Day,https://www.onepa.gov.sg/events/blaac-senior-day-29156249,onepa,high,undated,2026-03-18T03:26:08.261118+00:00
5991c207745a3c92,Be swept away by Lea Salonga’s vocal prowess at Esplanade Theatre,,,Singapore,Time Out Singapore things-to-do/event listing,https://www.timeout.com/singapore/things-to-do/lea-salonga-stage-screen-everything-in-between,timeoutsg,low,undated,2026-03-18T03:26:15.037060+00:00
78777cb8feb53f02,Bellygom Hawker Carnival,,,Singapore,Time Out Singapore things-to-do/event listing,https://www.timeout.com/singapore/things-to-do/bellygom-hawker-carnival,timeoutsg,low,undated,2026-03-18T03:26:15.037060+00:00
2c8863cc408a581d,Bishan Esports Hub - Esports and Exergaming Programme,26 Feb 2026 - 31 Dec 2026 12:00 AM - 5:30 PM,,Bishan CC,Bishan Esports Hub - Esports and Exergaming Programme,https://www.onepa.gov.sg/events/bishan-esports-hub-esports-and-exergaming-programme-83598813,onepa,high,undated,2026-03-18T03:26:08.254040+00:00
e8cabb03ade73441,Bishan Wellness Hub - 2026 Baking Demo (Mar),28 Mar 2026 10:00 AM - 11:30 AM,,Bishan CC,Bishan Wellness Hub - 2026 Baking Demo (Mar),https://www.onepa.gov.sg/events/bishan-wellness-hub-2026-baking-demo-mar-61801027,onepa,high,undated,2026-03-18T03:26:08.232842+00:00
511bdc5e1629a4d2,Bishan Wellness Hub - 2026 Chinese Classics Singalong Session (中文经典老歌弹唱会),22 Mar 2026 - 22 Nov 2026 2:00 PM - 4:00 PM,,Bishan CC,Bishan Wellness Hub - 2026 Chinese Classics Singalong Session (中文经典老歌弹唱会),https://www.onepa.gov.sg/events/bishan-wellness-hub-2026-chinese-classics-singalong-session-30632849,onepa,high,undated,2026-03-18T03:26:08.244030+00:00
bfad423167444421,Bishan Wellness Hub - 2026 Chinese Dance,06 Jan 2026 - 31 Mar 2026 1:00 PM - 2:30 PM,,Bishan CC,Bishan Wellness Hub - 2026 Chinese Dance,https://www.onepa.gov.sg/events/bishan-wellness-hub-2026-chinese-dance-61302523,onepa,high,undated,2026-03-18T03:26:08.197792+00:00
bc8f068729686441,Bishan Wellness Hub - 2026 HPB Kpopx Lite,02 Jan 2026 - 18 Dec 2026 12:30 PM - 1:30 PM,,Bishan CC,Bishan Wellness Hub - 2026 HPB Kpopx Lite,https://www.onepa.gov.sg/events/bishan-wellness-hub-2026-hpb-kpopx-lite-59306098,onepa,high,undated,2026-03-18T03:26:08.197792+00:00
7ea37fe7658f03a2,Bishan Wellness Hub - 2026 Lawn Bowl Sessions,02 Jan 2026 - 18 Dec 2026 10:00 AM - 12:00 PM,,Bishan CC,Bishan Wellness Hub - 2026 Lawn Bowl Sessions,https://www.onepa.gov.sg/events/bishan-wellness-hub-2026-lawn-bowl-sessions-81258348,onepa,high,undated,2026-03-18T03:26:08.165591+00:00
7bd9d759cd45b9bc,Bishan Wellness Hub - 2026 Line Dance Intermediate,19 Jan 2026 - 30 Mar 2026 9:15 AM - 11:00 AM,,Bishan CC,Bishan Wellness Hub - 2026 Line Dance Intermediate,https://www.onepa.gov.sg/events/bishan-wellness-hub-2026-line-dance-intermediate-24359265,onepa,high,undated,2026-03-18T03:26:08.196793+00:00
7f7ecb2f4ebcb094,Bishan Wellness Hub - 2026 Seniors Pool Club (Mondays),05 Jan 2026 - 28 Dec 2026 10:00 AM - 12:00 PM,,Bishan CC,Bishan Wellness Hub - 2026 Seniors Pool Club (Mondays),https://www.onepa.gov.sg/events/bishan-wellness-hub-2026-seniors-pool-club-mondays-23883406,onepa,high,undated,2026-03-18T03:26:08.164586+00:00
02566eaf89b4839c,Bishan Wellness Hub - 2026 Wellness Dance,04 Jan 2026 - 27 Dec 2026 10:00 AM - 11:00 AM,,Bishan CC,Bishan Wellness Hub - 2026 Wellness Dance,https://www.onepa.gov.sg/events/bishan-wellness-hub-2026-wellness-dance-45247310,onepa,high,undated,2026-03-18T03:26:08.184586+00:00
9e747d9516704521,Bishan Wellness Hub - Dance Fitness Workout with Crystal (Mar - May 26),18 Mar 2026 - 06 May 2026 10:00 AM - 11:00 AM,,Bishan CC,Bishan Wellness Hub - Dance Fitness Workout with Crystal (Mar - May 26),https://www.onepa.gov.sg/events/bishan-wellness-hub-dance-fitness-workout-with-crystal-mar-may-26-12099647,onepa,high,undated,2026-03-18T03:26:08.233844+00:00
35e262ba87ff71ec,Bishan Wellness Hub - Echoes of Classic English Songs,12 Apr 2026 2:00 PM - 3:00 PM,,Bishan CC,Bishan Wellness Hub - Echoes of Classic English Songs,https://www.onepa.gov.sg/events/bishan-wellness-hub-echoes-of-classic-english-songs-86950913,onepa,high,undated,2026-03-18T03:26:08.245029+00:00
e1fb649864f2aa74,Bishan Wellness Hub - Stay Active with Weena (Jan - Mar 26),09 Jan 2026 - 27 Mar 2026 2:00 PM - 3:30 PM,,Bishan CC,Bishan Wellness Hub - Stay Active with Weena (Jan - Mar 26),https://www.onepa.gov.sg/events/bishan-wellness-hub-stay-active-with-weena-jan-mar-26-36323925,onepa,high,undated,2026-03-18T03:26:08.180572+00:00
c499559fc7b0de3b,Bishan Wellness Hub x CHS - Bridging Generations with Chinese Crafts and Stories Sessions,05 Apr 2026 - 18 Oct 2026 2:00 PM - 5:00 PM,,Bishan CC,Bishan Wellness Hub x CHS - Bridging Generations with Chinese Crafts and Stories Sessions,https://www.onepa.gov.sg/events/bishan-wellness-hub-x-chs-bridging-generations-with-chinese-crafts-and-stories-sessions-80616860,onepa,high,undated,2026-03-18T03:26:08.216843+00:00
56403e7d2ef40bcc,Bishan Wellness Hub x KCPSS x SGAssist - Intergenerational Event,05 Feb 2026 - 09 Apr 2026 3:30 PM - 5:30 PM,,Bishan CC,Bishan Wellness Hub x KCPSS x SGAssist - Intergenerational Event,https://www.onepa.gov.sg/events/bishan-wellness-hub-x-kcpss-x-sgassist-intergenerational-event-21357879,onepa,high,undated,2026-03-18T03:26:08.193771+00:00
36e61fe76bcdba71,Bishan Wellness Hub x NHG - Promoting Good Practices in Chronic Diseases Management (Diabetes),13 May 2026 2:30 PM - 4:00 PM,,Bishan CC,Bishan Wellness Hub x NHG - Promoting Good Practices in Chronic Diseases Management (Diabetes),https://www.onepa.gov.sg/events/bishan-wellness-hub-x-nhg-promoting-good-practices-in-chronic-diseases-management-diabetes-86346625,onepa,high,undated,2026-03-18T03:26:08.238012+00:00
2675ca4221397962,Bishan Wellness Hub x SG Assist - Age-Friendly Ambassador Workshop,27 Apr 2026 - 18 May 2026 1:00 PM - 5:00 PM,,Bishan CC,Bishan Wellness Hub x SG Assist - Age-Friendly Ambassador Workshop,https://www.onepa.gov.sg/events/bishan-wellness-hub-x-sg-assist-age-friendly-ambassador-workshop-37991462,onepa,high,undated,2026-03-18T03:26:08.235993+00:00
65dcfbe269357df6,Braddell Heights SCEC Folk Dance Nite,25 Apr 2026 6:00 PM - 9:00 PM,,Braddell Heights CC,Braddell Heights SCEC Folk Dance Nite,https://www.onepa.gov.sg/events/braddell-heights-scec-folk-dance-nite-83652702,onepa,high,undated,2026-03-18T03:26:08.306743+00:00
be12c0c62ea53cb9,Bussy Temple: Tel0genesis,,,"72-13, Home of T:>Works",Eventbrite listing for seniors-related activities,https://www.eventbrite.com/e/bussy-temple-tel0genesis-tickets-1983450423610?aff=ebdssbdestsearch,eventbrite,medium,undated,2026-03-18T03:25:23.530709+00:00
6916efd240a7451e,Canberra CSN - Pickleball Interests Group - March to August 2026,03 Mar 2026 - 25 Aug 2026 1:00 PM - 4:00 PM,,Canberra CC,Canberra CSN - Pickleball Interests Group - March to August 2026,https://www.onepa.gov.sg/events/canberra-csn-pickleball-interests-group-march-to-august-2026-15805801,onepa,high,undated,2026-03-18T03:26:08.198795+00:00
ea18fcd9b4beefa8,Canvas Painting Workshop BPRN,25 Apr 2026 10:00 AM - 12:00 PM,,Jalan Kayu Zone 8 RN,Canvas Painting Workshop BPRN,https://www.onepa.gov.sg/events/canvas-painting-workshop-bprn-30536184,onepa,high,undated,2026-03-18T03:26:08.289469+00:00
7247dd73262fc39c,Changi Simei Social Dance Night (May 2026),16 May 2026 5:30 PM - 9:00 PM,,Changi Simei CC,Changi Simei Social Dance Night (May 2026),https://www.onepa.gov.sg/events/changi-simei-social-dance-night-may-2026-23869992,onepa,high,undated,2026-03-18T03:26:08.294205+00:00
6685e7b26e49112d,Changi Simei Zone 4 - Karaoke (March 2026),14 Mar 2026 - 28 Mar 2026 7:00 PM - 10:00 PM,,Changi Simei Zone 4 RN,Changi Simei Zone 4 - Karaoke (March 2026),https://www.onepa.gov.sg/events/changi-simei-zone-4-karaoke-march-2026-91627238,onepa,high,undated,2026-03-18T03:26:08.291470+00:00
88b48ff1229b09cc,Child & Teen's Health,,,Singapore,HealthHub healthy ageing programme,https://www.healthhub.sg/well-being-and-lifestyle/child-and-teens-health,healthhub,low,undated,2026-03-18T03:26:22.305179+00:00
b4d07cef4602562d,Click here to locate your nearest AAC,,,Singapore,Age Well SG active ageing programme/location reference,https://www.go.gov.sg/aacgowhere,agewellsg,low,undated,2026-03-18T03:25:25.971927+00:00
3b817de1e1bccfba,Costs & Financing,,,Singapore,Support & Tools Costs & Financing Statistics on Healthcare Tools & Resources Support & Care Programmes Screening Trending Trending Blood Glucose Meter to Monitor Blood Sugar Levels Read more MediShield Life Read more Vaccination Clinic Read more ​Women Health Services Read more,https://www.healthhub.sg/support-and-tools/costs-and-financing,healthhub,low,undated,2026-03-18T03:26:22.305179+00:00
4bc418ae9cf1ff3c,Course: Introduction to Humanitarian Deployment (26002),,,goHADR Hub,Eventbrite listing for seniors-related activities,https://www.eventbrite.sg/e/course-introduction-to-humanitarian-deployment-26002-registration-1927560548489?aff=ebdssbdestsearch,eventbrite,medium,undated,2026-03-18T03:25:23.498960+00:00
180ad6d63892456a,Digital Club @ Ayer Rajah - How to Use Common Gen AI Tools (English - 18 April 2026),18 Apr 2026 1:00 PM - 3:00 PM,,Ayer Rajah CC,Digital Club @ Ayer Rajah - How to Use Common Gen AI Tools (English - 18 April 2026),https://www.onepa.gov.sg/events/digital-club-ayer-rajah-how-to-use-common-gen-ai-tools-english-18-april-2026-66736142,onepa,high,undated,2026-03-18T03:26:08.278465+00:00
83523f3ab20fd800,Digital Club @ Ayer Rajah - 如何使用生成式人工智能（Gen AI） (Chinese - 18.04.2026),18 Apr 2026 10:00 AM - 12:00 PM,,Ayer Rajah CC,Digital Club @ Ayer Rajah - 如何使用生成式人工智能（Gen AI） (Chinese - 18.04.2026),https://www.onepa.gov.sg/events/digital-club-ayer-rajah-gen-ai-chinese-18-04-2026-34919466,onepa,high,undated,2026-03-18T03:26:08.259110+00:00
7be8c107cf791e68,Digital Clubs in Central,,,Singapore,"In support of the Digital for Life (DfL) movement, the SG Digital Office designs and creates whole-of-nation efforts to engage and equip individuals, businesses, and the community-at-large to adopt digital knowledge, skills and tools to participate meaningfully. This is brought i",https://www.digitalforlife.gov.sg/learn/events/all-events/listing-of-digital-for-life---digital-clubs#accordion-01,digitalforlife,low,undated,2026-03-18T03:26:18.218702+00:00
8d982a162066fbc9,Digital Clubs in East,,,Singapore,Digital Clubs in East Compassvale Coris RN 266 Compassvale Bow #01-03 Singapore 540266 6753 9588 Sessions conducted in English Eunos Zone 9 RN 122 Bedok Reservoir Rd #01-1041 Singapore 470122 6448 6971 Sessions conducted in Mandarin Punggol Coast CC 1 Punggol Drive Level 5 Functi,https://www.digitalforlife.gov.sg/learn/events/all-events/listing-of-digital-for-life---digital-clubs#accordion-02,digitalforlife,low,undated,2026-03-18T03:26:18.218702+00:00
d05d931547cc7b5f,Digital Clubs in North,,,Singapore,Digital Clubs in North Cheng San Palm RN 546 Ang Mo Kio Ave 10 #01-2266 Singapore 560546 6458 8222 Sessions conducted in Mandarin Ci Yuan Community Club (MAEC) 51 Hougang Ave 9 Singapore 538776 6386 3717 Sessions conducted in Malay Fernvale Community Club 21 Sengkang West Ave #01,https://www.digitalforlife.gov.sg/learn/events/all-events/listing-of-digital-for-life---digital-clubs#accordion-03,digitalforlife,low,undated,2026-03-18T03:26:18.218702+00:00
f74ac9a3dee5bc44,Digital Clubs in West,,,Singapore,Digital Clubs in West Ayer Rajah Community Club 150 Pandan Gardens Singapore 609335 6560 9983 Sessions conducted in English & Mandarin Boon Lay Community Club 10 Boon Lay Place Singapore 649882 6261 9947 Sessions conducted in Mandarin Brickland Arcade RN 251 Choa Chu Kang Ave 2 #,https://www.digitalforlife.gov.sg/learn/events/all-events/listing-of-digital-for-life---digital-clubs#accordion-04,digitalforlife,low,undated,2026-03-18T03:26:18.218702+00:00
643cf0cef15d0aff,Digital For Life_6 April 2026,06 Apr 2026 10:00 AM - 1:00 PM,,West Coast CC,Digital For Life_6 April 2026,https://www.onepa.gov.sg/events/digital-for-life-6-april-2026-18645812,onepa,high,undated,2026-03-18T03:26:08.255010+00:00
200154502c742ff0,Digital edition,,,Singapore,Time Out Singapore things-to-do/event listing,https://www.timeout.com/singapore/time-out-singapore-digital-edition,timeoutsg,low,undated,2026-03-18T03:26:15.037060+00:00
4a212e333fbaabc0,Eating Healthy,,,Singapore,Eating Healthy Nutrition for Older Adults Library of Recipes,https://www.healthhub.sg/programmes/healthy-ageing/eating-healthy/nutrition-for-older-adults,healthhub,low,undated,2026-03-18T03:26:22.306152+00:00
d8e8073786a79ad0,Events,,,Singapore,Digital for Life digital club / event listing,https://www.digitalforlife.gov.sg/learn/events,digitalforlife,low,undated,2026-03-18T03:26:18.218702+00:00
ff9667e9c7973d92,Evidence-Based Sound Therapy,,,International Plaza Singapore (#10-23),Eventbrite listing for seniors-related activities,https://www.eventbrite.sg/e/evidence-based-sound-therapy-tickets-1429832540619?aff=ebdssbdestsearch,eventbrite,medium,undated,2026-03-18T03:25:23.498960+00:00
83e05e863bfe4737,Exercise & Fitness,,,Singapore,HealthHub healthy ageing programme,https://www.healthhub.sg/well-being-and-lifestyle/exercise-and-fitness,healthhub,low,undated,2026-03-18T03:26:22.305179+00:00
cd3e8c594091c1d2,Expert Voices,,,Singapore,Highlights & Insights Expert Voices Health Safety Advisory Latest Latest Q&A: Wrist and Chronic Back Pain Read more Q&A: Skin Bumps Read more Trending Trending Q&A: Spicy Food and Big Appetite Read more Q&A: Expired Health Supplements and Eggs in Diet Read more Health Conditions,https://www.healthhub.sg/highlights-and-insights/expert-voices,healthhub,low,undated,2026-03-18T03:26:22.305179+00:00
b14a861bf0dae987,Explore the human body at ArtScience Museum’s Flesh and Bones: The Art of Anatomy,,,Singapore,Time Out Singapore things-to-do/event listing,https://www.timeout.com/singapore/things-to-do/flesh-and-bones-the-art-of-anatomy,timeoutsg,low,undated,2026-03-18T03:26:15.037060+00:00
66fcb9cc547882b0,"FREE Health Seminar: Deafness, Dizziness & Dementia by Dr Ho Eu Chin",,,Brahm Centre @ Labrador,Eventbrite listing for seniors-related activities,https://www.eventbrite.sg/e/free-health-seminar-deafness-dizziness-dementia-by-dr-ho-eu-chin-registration-1982482303938?aff=ebdssbdestsearch,eventbrite,medium,undated,2026-03-18T03:25:23.498960+00:00
c8f0cf49a6449aa9,FREE Health Seminar: Minding Your Colon To Prevent Cancer by Dr Lai,,,Brahm Centre @ Labrador,Eventbrite listing for seniors-related activities,https://www.eventbrite.sg/e/free-health-seminar-minding-your-colon-to-prevent-cancer-by-dr-lai-registration-1982492649883?aff=ebdssbdestsearch,eventbrite,medium,undated,2026-03-18T03:25:23.500056+00:00
5646547b8cd34947,Five new heritage walking trails across Singapore offer neighbourhood stories and $10 rewards,,,Singapore,Time Out Singapore things-to-do/event listing,https://www.timeout.com/singapore/news/five-new-heritage-walking-trails-across-singapore-offer-neighbourhood-stories-and-10-rewards-031626,timeoutsg,low,undated,2026-03-18T03:26:15.036060+00:00
cf5d4c2403a9ab04,Food & Drink,,,Singapore,Time Out Singapore things-to-do/event listing,https://www.timeout.com/singapore/food-drink,timeoutsg,low,undated,2026-03-18T03:26:15.036060+00:00
3359c6ca097d0acc,"Food, Diet & Nutrition",,,Singapore,HealthHub healthy ageing programme,https://www.healthhub.sg/well-being-and-lifestyle/food-diet-and-nutrition,healthhub,low,undated,2026-03-18T03:26:22.305179+00:00
aad5b97382184c5d,Free Haircut for Seniors (April 2026),02 Apr 2026 - 16 Apr 2026 9:00 AM - 11:30 AM,,Toa Payoh Central CC,Free Haircut for Seniors (April 2026),https://www.onepa.gov.sg/events/free-haircut-for-seniors-april-2026-85176863,onepa,high,undated,2026-03-18T03:26:08.298817+00:00
713be54eed62788d,Free Haircut for Seniors (March 2026),05 Mar 2026 - 19 Mar 2026 9:30 AM - 11:30 AM,,Toa Payoh Central CC,Free Haircut for Seniors (March 2026),https://www.onepa.gov.sg/events/free-haircut-for-seniors-march-2026-50937150,onepa,high,undated,2026-03-18T03:26:08.231843+00:00
a2d46f28a6c63e65,Fulton-Bishan Park & Bishan East-Sin Ming CSN Pickleball Beginners' Clinic,28 Mar 2026 8:00 PM - 10:00 PM,,Fulton-Bishan Park RN,Fulton-Bishan Park & Bishan East-Sin Ming CSN Pickleball Beginners' Clinic,https://www.onepa.gov.sg/events/fulton-bishan-park-bishan-east-sin-ming-csn-pickleball-beginners-clinic-90334687,onepa,high,undated,2026-03-18T03:26:08.247036+00:00
5715959b85163962,Fun Walker_March 2026,08 Mar 2026 - 29 Mar 2026 6:00 AM - 2:00 PM,,Bukit Gombak Hillview Connections NC,Fun Walker_March 2026,https://www.onepa.gov.sg/events/fun-walker-march-2026-22915560,onepa,high,undated,2026-03-18T03:26:08.270013+00:00
f9c179fd73e3917f,GLRC Ren Ci Rummikub - 18 March'26,18 Mar 2026 2:00 PM - 4:00 PM,,Bukit Gombak Guilin RC,GLRC Ren Ci Rummikub - 18 March'26,https://www.onepa.gov.sg/events/glrc-ren-ci-rummikub-18-march-26-35729356,onepa,high,undated,2026-03-18T03:26:08.279465+00:00
bc1fa9f1c079583c,GLRC Ren Ci Rummikub - 19 March'26,19 Mar 2026 2:00 PM - 4:00 PM,,Bukit Gombak Guilin RC,GLRC Ren Ci Rummikub - 19 March'26,https://www.onepa.gov.sg/events/glrc-ren-ci-rummikub-19-march-26-58595680,onepa,high,undated,2026-03-18T03:26:08.280465+00:00
07f044172ba13378,Geordie Greep - Live in Singapore,,,*SCAPE Ground Theatre,Eventbrite listing for seniors-related activities,https://www.eventbrite.sg/e/geordie-greep-live-in-singapore-tickets-1983819419286?aff=ebdssbdestsearch,eventbrite,medium,undated,2026-03-18T03:25:23.530709+00:00
4c59814496fcf450,Get Listed,,,Singapore,Time Out Singapore things-to-do/event listing,https://www.timeout.com/singapore/get-listed-submit-a-venue,timeoutsg,low,undated,2026-03-18T03:26:15.037060+00:00
58e90f8859b2f049,God of Carnage,,,Singapore,Time Out Singapore things-to-do/event listing,https://www.timeout.com/singapore/things-to-do/god-of-carnage,timeoutsg,low,undated,2026-03-18T03:26:15.037060+00:00
b1975c21ff9a237d,Golden Years Musical Lunch,28 Mar 2026 11:00 AM - 2:00 PM,,Potong Pasir CC,Golden Years Musical Lunch,https://www.onepa.gov.sg/events/golden-years-musical-lunch-75853957,onepa,high,undated,2026-03-18T03:26:08.296813+00:00
1f7f13dcc5515574,Happy Feet_March 2026,06 Mar 2026 - 27 Mar 2026 1:00 PM - 6:00 PM,,Hume RN,Happy Feet_March 2026,https://www.onepa.gov.sg/events/happy-feet-march-2026-28251551,onepa,high,undated,2026-03-18T03:26:08.273012+00:00
8e89a71b51724f5e,Happy Singing Hour - 11 April 2026,11 Apr 2026 2:30 PM - 3:45 PM,,Radin Mas CC,Happy Singing Hour - 11 April 2026,https://www.onepa.gov.sg/events/happy-singing-hour-11-april-2026-88661786,onepa,high,undated,2026-03-18T03:26:08.166587+00:00
4d14df84a4c7ed01,Health Programmes,,,Singapore,"Well-being & Lifestyle Health Programmes Active Ageing Caregiving Child & Teen's Health Exercise & Fitness Food, Diet & Nutrition Mental Wellness Personal Care Pregnancy & Infant Health Sexual Health Substance Addiction Travel Health Trending Trending Recommended Dietary Allowanc",https://www.healthhub.sg/programmes,healthhub,low,undated,2026-03-18T03:26:22.305179+00:00
b667513463abc90e,Health Safety Advisory,,,Singapore,HealthHub healthy ageing programme,https://www.healthhub.sg/highlights-and-insights/health-safety-advisory,healthhub,low,undated,2026-03-18T03:26:22.305179+00:00
97e571e7376a1482,Healthcare Directory,,,Singapore,Healthcare Directory Help Centre,https://eservices.healthhub.sg/public/directory,healthhub,low,undated,2026-03-18T03:26:22.304153+00:00
7b8bd78c829e41c9,Hillview Garden Fun Walker (11 Apr 2025),11 Apr 2026 6:30 AM - 11:30 AM,,Bukit Gombak Hillview Garden NC,Hillview Garden Fun Walker (11 Apr 2025),https://www.onepa.gov.sg/events/hillview-garden-fun-walker-11-apr-2025-95702562,onepa,high,undated,2026-03-18T03:26:08.192781+00:00
37f7a2c20345f1bf,Hillview Garden Fun Walker (18 Apr 2025),18 Apr 2026 6:30 AM - 11:30 AM,,Bukit Gombak Hillview Garden NC,Hillview Garden Fun Walker (18 Apr 2025),https://www.onepa.gov.sg/events/hillview-garden-fun-walker-18-apr-2025-63606453,onepa,high,undated,2026-03-18T03:26:08.189756+00:00
32df96da4a45b587,Hillview Garden Fun Walker (21 March 2026),21 Mar 2026 6:30 AM - 11:30 AM,,Bukit Gombak Hillview Garden NC,Hillview Garden Fun Walker (21 March 2026),https://www.onepa.gov.sg/events/hillview-garden-fun-walker-21-march-2026-94468361,onepa,high,undated,2026-03-18T03:26:08.191797+00:00
2b71cb5d35521d32,Hillview Garden Fun Walker (22 March 2026),22 Mar 2026 6:30 AM - 8:30 AM,,Bukit Gombak Hillview Garden NC,Hillview Garden Fun Walker (22 March 2026),https://www.onepa.gov.sg/events/hillview-garden-fun-walker-22-march-2026-97055470,onepa,high,undated,2026-03-18T03:26:08.260110+00:00
5e6c4fafb2c7ed87,Hillview Garden Fun Walker (25 Apr 2026),25 Apr 2026 6:30 AM - 11:30 AM,,Bukit Gombak Hillview Garden NC,Hillview Garden Fun Walker (25 Apr 2026),https://www.onepa.gov.sg/events/hillview-garden-fun-walker-25-apr-2026-73372190,onepa,high,undated,2026-03-18T03:26:08.190772+00:00
4504d80fceef9a14,Hillview Garden Fun Walker (28 March 2026),28 Mar 2026 6:30 AM - 11:30 AM,,Bukit Gombak Hillview Garden NC,Hillview Garden Fun Walker (28 March 2026),https://www.onepa.gov.sg/events/hillview-garden-fun-walker-28-march-2026-91185632,onepa,high,undated,2026-03-18T03:26:08.191797+00:00
447f7fcef1c1d9d7,Hillview Garden Fun Walker (29 March 2026),29 Mar 2026 6:30 AM - 9:00 AM,,Bukit Gombak Hillview Garden NC,Hillview Garden Fun Walker (29 March 2026),https://www.onepa.gov.sg/events/hillview-garden-fun-walker-29-march-2026-70860861,onepa,high,undated,2026-03-18T03:26:08.259110+00:00
11aeda5090a62db0,Hillview Garden Fun Walker (4 Apr 2026),04 Apr 2026 6:30 AM - 11:30 AM,,Bukit Gombak Hillview Garden NC,Hillview Garden Fun Walker (4 Apr 2026),https://www.onepa.gov.sg/events/hillview-garden-fun-walker-4-apr-2026-13480787,onepa,high,undated,2026-03-18T03:26:08.187699+00:00
978f0fe9c3263410,Hillview Garden Line Dance (18 March 2026),18 Mar 2026 6:00 PM - 7:30 PM,,Bukit Gombak Hillview Garden NC,Hillview Garden Line Dance (18 March 2026),https://www.onepa.gov.sg/events/hillview-garden-line-dance-18-march-2026-52482755,onepa,high,undated,2026-03-18T03:26:08.271013+00:00
c75da1621b3ee5ba,Hillview Garden Line Dance (25 March 2026),25 Mar 2026 6:00 PM - 7:30 PM,,Bukit Gombak Hillview Garden NC,Hillview Garden Line Dance (25 March 2026),https://www.onepa.gov.sg/events/hillview-garden-line-dance-25-march-2026-59267105,onepa,high,undated,2026-03-18T03:26:08.272012+00:00
c4df06577615fae6,Hillview Garden Senior Yoga (19Mar2026),19 Mar 2026 7:30 AM - 11:30 AM,,Bukit Gombak Hillview Garden NC,Hillview Garden Senior Yoga (19Mar2026),https://www.onepa.gov.sg/events/hillview-garden-senior-yoga-19mar2026-53276153,onepa,high,undated,2026-03-18T03:26:08.194793+00:00
4fcee7d655777859,Hillview Garden Senior Yoga (26Mar2026),26 Mar 2026 7:30 AM - 11:30 AM,,Bukit Gombak Hillview Garden NC,Hillview Garden Senior Yoga (26Mar2026),https://www.onepa.gov.sg/events/hillview-garden-senior-yoga-26mar2026-55641358,onepa,high,undated,2026-03-18T03:26:08.195795+00:00
a01387bc2b923d7c,Jurong Spring Zone C Karaoke Session FY26/27,01 Apr 2026 - 31 Mar 2027 9:00 AM - 5:00 PM,,Jurong Spring Zone C RN,Jurong Spring Zone C Karaoke Session FY26/27,https://www.onepa.gov.sg/events/jurong-spring-zone-c-karaoke-session-fy26-27-93370619,onepa,high,undated,2026-03-18T03:26:08.183585+00:00
12d3356ff3ee16dd,Keeping Active,,,Singapore,Keeping Active 7 Easy Exercises Sit-Down Exercises,https://www.healthhub.sg/programmes/healthy-ageing/keeping-active/7-easy-exercises,healthhub,low,undated,2026-03-18T03:26:22.306152+00:00
ac492a24d158f203,Kelantan Karaoke Session (1 April 2026),01 Apr 2026 - 02 Apr 2026 5:00 PM - 12:00 AM,,Kelantan RN,Kelantan Karaoke Session (1 April 2026),https://www.onepa.gov.sg/events/kelantan-karaoke-session-1-april-2026-86227144,onepa,high,undated,2026-03-18T03:26:08.228843+00:00
3cc4b41105d239db,Kelantan Karaoke Session (15 April 2026),15 Apr 2026 - 16 Apr 2026 5:00 PM - 12:00 AM,,Kelantan RN,Kelantan Karaoke Session (15 April 2026),https://www.onepa.gov.sg/events/kelantan-karaoke-session-15-april-2026-16059909,onepa,high,undated,2026-03-18T03:26:08.223841+00:00
a3d6369de114596a,Kelantan Karaoke Session (18 March 2026),18 Mar 2026 - 19 Mar 2026 5:00 PM - 12:00 AM,,Kelantan RN,Kelantan Karaoke Session (18 March 2026),https://www.onepa.gov.sg/events/kelantan-karaoke-session-18-march-2026-71863118,onepa,high,undated,2026-03-18T03:26:08.227842+00:00
104a1a866550afb5,Kelantan Karaoke Session (22 April 2026),22 Apr 2026 - 23 Apr 2026 5:00 PM - 12:00 AM,,Kelantan RN,Kelantan Karaoke Session (22 April 2026),https://www.onepa.gov.sg/events/kelantan-karaoke-session-22-april-2026-54484996,onepa,high,undated,2026-03-18T03:26:08.225846+00:00
c86a14a565febded,Kelantan Karaoke Session (25 March 2026),25 Mar 2026 - 26 Mar 2026 5:00 PM - 12:00 AM,,Kelantan RN,Kelantan Karaoke Session (25 March 2026),https://www.onepa.gov.sg/events/kelantan-karaoke-session-25-march-2026-16163072,onepa,high,undated,2026-03-18T03:26:08.224820+00:00
fdbd439fd45f30e9,Kelantan Karaoke Session (8 April 2026),08 Apr 2026 - 09 Apr 2026 5:00 PM - 12:00 AM,,Kelantan RN,Kelantan Karaoke Session (8 April 2026),https://www.onepa.gov.sg/events/kelantan-karaoke-session-8-april-2026-37740177,onepa,high,undated,2026-03-18T03:26:08.225846+00:00
75664cff7942e857,Kembangan AAC Brisk Walk - Rail Corridor,28 Mar 2026 7:30 AM - 11:00 AM,,Kampong Kembangan CC,Kembangan AAC Brisk Walk - Rail Corridor,https://www.onepa.gov.sg/events/kembangan-aac-brisk-walk-rail-corridor-58099743,onepa,high,undated,2026-03-18T03:26:08.295716+00:00
930ee9ee2f0bae9f,Keyboard Singing Interest Group (Jan 2026 - Apr 2026),01 Jan 2026 - 30 Apr 2026 7:30 PM - 9:30 PM,,Seletar-Serangoon Zone 5 RN,Keyboard Singing Interest Group (Jan 2026 - Apr 2026),https://www.onepa.gov.sg/events/keyboard-singing-interest-group-jan-2026-apr-2026-69102399,onepa,high,undated,2026-03-18T03:26:08.210876+00:00
9a8e788e7eed7636,Learn,,,Singapore,Learn Back Learn Events Resources,https://www.digitalforlife.gov.sg/learn,digitalforlife,low,undated,2026-03-18T03:26:18.218702+00:00
f590e729f086cc41,Learn More,,,Singapore,"Health Programmes Live Well, Age Well Want to keep doing what you love? Join FREE 1 programmes for adults aged 50 and over that make it easier to stay active, sharp, and connected. 1 Exceptions apply. Learn More",https://www.healthhub.sg/programmes/healthy-ageing/health-programmes/live-well-age-well,healthhub,low,undated,2026-03-18T03:26:22.306152+00:00
a23ba2464d8d3f45,Line Dance (16 May 2026),16 May 2026 5:00 PM - 9:30 PM,,Potong Pasir CC,Line Dance (16 May 2026),https://www.onepa.gov.sg/events/line-dance-16-may-2026-26347482,onepa,high,undated,2026-03-18T03:26:08.304750+00:00
ceb0974cb1ff9e4e,Lirica Arts Verdi’s Macbeth,,,Singapore,Time Out Singapore things-to-do/event listing,https://www.timeout.com/singapore/things-to-do/lirica-arts-verdis-macbeth,timeoutsg,low,undated,2026-03-18T03:26:15.037060+00:00
4b307a330a2e2ed2,MM CSN Badminton Interest Group 2026,01 Jan 2026 - 31 Dec 2026 9:00 AM - 11:30 PM,,Marymount CC,MM CSN Badminton Interest Group 2026,https://www.onepa.gov.sg/events/mm-csn-badminton-interest-group-2026-21406317,onepa,high,undated,2026-03-18T03:26:08.281466+00:00
9d9a2ad8c37394c7,MM CSN Table Tennis Interest Group,01 Jan 2026 - 31 Dec 2026 12:00 AM - 11:30 PM,,Marymount CC,MM CSN Table Tennis Interest Group,https://www.onepa.gov.sg/events/mm-csn-table-tennis-interest-group-24422072,onepa,high,undated,2026-03-18T03:26:08.258039+00:00
3560ddaa9876ffae,MTW RC Karaoke IG - Mar 2026,01 Mar 2026 - 29 Mar 2026 9:00 AM - 5:00 PM,,Marine Terrace Walk RN,MTW RC Karaoke IG - Mar 2026,https://www.onepa.gov.sg/events/mtw-rc-karaoke-ig-mar-2026-88384287,onepa,high,undated,2026-03-18T03:26:08.208866+00:00
0ed785c7e401dec2,MTW RN Karaoke IG - April 2026,05 Apr 2026 - 26 Apr 2026 9:00 AM - 5:00 PM,,Marine Terrace Walk RN,MTW RN Karaoke IG - April 2026,https://www.onepa.gov.sg/events/mtw-rn-karaoke-ig-april-2026-27730993,onepa,high,undated,2026-03-18T03:26:08.298817+00:00
b5ebbf0997cc854d,Managing Dementia,,,Singapore,HealthHub healthy ageing programme,https://www.healthhub.sg/programmes/healthy-ageing/managing-dementia,healthhub,low,undated,2026-03-18T03:26:22.306152+00:00
240b83b3097a2ada,Market Insights Trading Festival,,,Suntec Convention Centre From SGD 0.00 MarketWise ASIA 434 followers Promoted,Eventbrite listing for seniors-related activities,https://www.eventbrite.sg/e/market-insights-trading-festival-registration-1984985483014?aff=ebdssbdestsearch,eventbrite,medium,undated,2026-03-18T03:25:23.498960+00:00
e665eab5fb47894e,Marymount CSN Basketball Interest Group,01 Jan 2026 - 31 Dec 2026 10:00 AM - 10:00 PM,,Marymount CC,Marymount CSN Basketball Interest Group,https://www.onepa.gov.sg/events/marymount-csn-basketball-interest-group-87256270,onepa,high,undated,2026-03-18T03:26:08.177564+00:00
1c2ce3ac336ee9e5,Mdm Ong Overcomes Knee Pain with Exercise Try Low-Impact Aerobics,,,Singapore,"Real-Life Stories See how others stay active, healthy, and independent. After joining a few of these exercise classes, the tightness in my knee has reduced and my body feels much more relaxed. I think this programme is very good for people like me. Mdm Ong, 60+ I look forward to",https://www.healthhub.sg/programmes/healthy-ageing/health-programmes/live-well-age-well#live-active,healthhub,low,undated,2026-03-18T03:26:22.306152+00:00
3b3bbbedf4c83740,Mental Wellness,,,Singapore,Mental Wellness Personal Care Pregnancy & Infant Health Sexual Health Substance Addiction Travel Health,https://www.healthhub.sg/well-being-and-lifestyle/mental-wellness,healthhub,low,undated,2026-03-18T03:26:22.305179+00:00
9b9395f4f21e2627,Moulmein-Cairnhill AAC and FLC Health Workshop on 22 March 2026- Season to take care of Liver Meridian,22 Mar 2026 3:00 PM - 5:00 PM,,Tanglin CC,Moulmein-Cairnhill AAC and FLC Health Workshop on 22 March 2026- Season to take care of Liver Meridian,https://www.onepa.gov.sg/events/moulmein-cairnhill-aac-and-flc-health-workshop-on-22-march-2026-season-to-take-care-of-liver-meridian-46193423,onepa,high,undated,2026-03-18T03:26:08.309543+00:00
372f33be2343273f,Mountbatten CC New Vogue January to March 2026,02 Jan 2026 - 27 Mar 2026 6:00 PM - 9:00 PM,,Mountbatten CC,Mountbatten CC New Vogue January to March 2026,https://www.onepa.gov.sg/events/mountbatten-cc-new-vogue-january-to-march-2026-46004088,onepa,high,undated,2026-03-18T03:26:08.229842+00:00
de5bcf86e19ccf53,Music & Nightlife,,,Singapore,Time Out Singapore things-to-do/event listing,https://www.timeout.com/singapore/music-nightlife,timeoutsg,low,undated,2026-03-18T03:26:15.036060+00:00
ca8f85a3e741773f,NSE - Karaoke (1 March 2026 - 31 March 2026),01 Mar 2026 - 31 Mar 2026 1:00 PM - 5:00 PM,,Nee Soon East CC,NSE - Karaoke (1 March 2026 - 31 March 2026),https://www.onepa.gov.sg/events/nse-karaoke-1-march-2026-31-march-2026-57619633,onepa,high,undated,2026-03-18T03:26:08.304750+00:00
46a063c5550e7689,Nee Soon South Zone F RN Karaoke (Mar 26),01 Mar 2026 - 31 Mar 2026 10:00 AM - 10:00 PM,,Nee Soon South Zone F RN,Nee Soon South Zone F RN Karaoke (Mar 26),https://www.onepa.gov.sg/events/nee-soon-south-zone-f-rn-karaoke-mar-26-73205045,onepa,high,undated,2026-03-18T03:26:08.199832+00:00
ab674c4a6a51f5af,One Family Unbroken: The Musical,,,St Andrew's Junior College,Eventbrite listing for seniors-related activities,https://www.eventbrite.sg/e/one-family-unbroken-the-musical-tickets-1981980190102?aff=ebdssbdestsearch,eventbrite,medium,undated,2026-03-18T03:25:23.530709+00:00
60ba727b08110a84,Our Digital Ambassadors,,,Singapore,Digital for Life digital club / event listing,https://www.digitalforlife.gov.sg/about/our-digital-ambassadors,digitalforlife,low,undated,2026-03-18T03:26:18.218702+00:00
3673d27c8c93cdda,Our Programmes and Projects,,,Singapore,Digital for Life digital club / event listing,https://www.digitalforlife.gov.sg/about/our-projects,digitalforlife,low,undated,2026-03-18T03:26:18.218702+00:00
66018741bb2c0ab1,PEK KIO SCEC FOLK DANCE (MARCH 2026 & APRIL 2026) (EVERY THURSDAY),12 Mar 2026 - 30 Apr 2026 8:00 PM - 9:30 PM,,Pek Kio CC,PEK KIO SCEC FOLK DANCE (MARCH 2026 & APRIL 2026) (EVERY THURSDAY),https://www.onepa.gov.sg/events/pek-kio-scec-folk-dance-march-2026-april-2026-every-thursday-58448860,onepa,high,undated,2026-03-18T03:26:08.249029+00:00
f57e96fa1e4402c1,PK SCEC MOTHER'S DAY FLOWER WORKSHOP 16 OR 23 APRIL 2026,16 Apr 2026 - 23 Apr 2026 2:00 PM - 4:00 PM,,Pek Kio CC,PK SCEC MOTHER'S DAY FLOWER WORKSHOP 16 OR 23 APRIL 2026,https://www.onepa.gov.sg/events/pk-scec-mother-s-day-flower-workshop-16-or-23-april-2026-47919567,onepa,high,undated,2026-03-18T03:26:08.308495+00:00
b16b6994a959f778,PLKCC's Social Dance Nite on 4 April 2026,04 Apr 2026 6:30 PM - 9:30 PM,,Paya Lebar Kovan CC,PLKCC's Social Dance Nite on 4 April 2026,https://www.onepa.gov.sg/events/plkcc-s-social-dance-nite-on-4-april-2026-52581486,onepa,high,undated,2026-03-18T03:26:08.222838+00:00
a94334a06523a28c,Parasport 360: Discover Powerchair Football,,,Handicaps Welfare Association,Eventbrite listing for seniors-related activities,https://www.eventbrite.sg/e/parasport-360-discover-powerchair-football-tickets-736224014847?aff=ebdssbdestsearch,eventbrite,medium,undated,2026-03-18T03:25:23.530709+00:00
75ce69c59afc1540,Pasir RIs Zone 2 RN (A8466) Tai Chi - Mar 26,05 Mar 2026 - 26 Mar 2026 7:00 PM - 9:00 PM,,Pasir Ris Zone 2 RN,Pasir RIs Zone 2 RN (A8466) Tai Chi - Mar 26,https://www.onepa.gov.sg/events/pasir-ris-zone-2-rn-a8466-tai-chi-mar-26-30338070,onepa,high,undated,2026-03-18T03:26:08.282466+00:00
d5511b7b5bd54f09,Pasir Ris Zone 2 RN (A7773) Resistance Band - Mar 26,07 Mar 2026 - 28 Mar 2026 7:30 AM - 9:30 AM,,Pasir Ris Zone 2 RN,Pasir Ris Zone 2 RN (A7773) Resistance Band - Mar 26,https://www.onepa.gov.sg/events/pasir-ris-zone-2-rn-a7773-resistance-band-mar-26-78130194,onepa,high,undated,2026-03-18T03:26:08.283465+00:00
ccf1aa99bfd71a52,Paya Lebar Wellness Centre - Cafe Corner,01 Jan 2026 - 31 Dec 2026 8:00 AM - 6:00 PM,,Aljunied CC,Paya Lebar Wellness Centre - Cafe Corner,https://www.onepa.gov.sg/events/paya-lebar-wellness-centre-cafe-corner-54081107,onepa,high,undated,2026-03-18T03:26:08.263115+00:00
c06d903eb7328535,Pregnancy & Infant Health,,,Singapore,HealthHub healthy ageing programme,https://www.healthhub.sg/well-being-and-lifestyle/pregnancy-and-infant-health,healthhub,low,undated,2026-03-18T03:26:22.305179+00:00
08566ac9d7518a97,Pregnancy: A New Beginning,,,Conrad Singapore Marina Bay,Eventbrite listing for seniors-related activities,https://www.eventbrite.sg/e/pregnancy-a-new-beginning-tickets-1977678144568?aff=ebdssbdestsearch,eventbrite,medium,undated,2026-03-18T03:25:23.530709+00:00
66f4fcafa2a61f17,Print edition,,,Singapore,Time Out Singapore things-to-do/event listing,https://www.timeout.com/singapore/time-out-singapore-free-distribution,timeoutsg,low,undated,2026-03-18T03:26:15.037060+00:00
c4d3ca95c8ad4ee0,Protect Your Smile for Life,,,Sands Expo & Convention Centre,Eventbrite listing for seniors-related activities,https://www.eventbrite.sg/e/protect-your-smile-for-life-tickets-1982646340576?aff=ebdssbdestsearch,eventbrite,medium,undated,2026-03-18T03:25:23.498960+00:00
77f77f22c0d1838d,Punggol Shore Sing Along 2026 (20 March 2026),20 Mar 2026 6:30 PM - 9:30 PM,,Punggol 21 CC,Punggol Shore Sing Along 2026 (20 March 2026),https://www.onepa.gov.sg/events/punggol-shore-sing-along-2026-20-march-2026-76732496,onepa,high,undated,2026-03-18T03:26:08.277466+00:00
47906b3ab84af485,RN3 Karaoke (Mar 2026),01 Mar 2026 - 31 Mar 2026 9:00 AM - 5:00 PM,,Potong Pasir Zone 3 RN,RN3 Karaoke (Mar 2026),https://www.onepa.gov.sg/events/rn3-karaoke-mar-2026-96972153,onepa,high,undated,2026-03-18T03:26:08.263115+00:00
7900d9640a89cb44,Read more,,,Singapore,Trending Trending Q&A: Spicy Food and Big Appetite Read more Q&A: Expired Health Supplements and Eggs in Diet Read more,https://www.healthhub.sg/highlights-and-insights/expert-voices/your-medical-questions-answered-spicy-food-and-big-appetite?sc_camp=92BD09F5EE6A45DEC5A69E51369C1DA0,healthhub,low,undated,2026-03-18T03:26:22.305179+00:00
81706dd33d15c88e,Restaurants & Cafes,,,Singapore,Time Out Singapore things-to-do/event listing,https://www.timeout.com/singapore/restaurants,timeoutsg,low,undated,2026-03-18T03:26:15.036060+00:00
17de09a539919a68,SCEC Acupuncture Point Massage Talk (Mandarin) 穴位按摩讲座(华语) - 28.03.26,28 Mar 2026 9:30 AM - 11:30 AM,,Toa Payoh Central CC,SCEC Acupuncture Point Massage Talk (Mandarin) 穴位按摩讲座(华语) - 28.03.26,https://www.onepa.gov.sg/events/scec-acupuncture-point-massage-talk-mandarin-28-03-26-20394588,onepa,high,undated,2026-03-18T03:26:08.220821+00:00
af93e30abf33b49a,SCEC Coffee Session for Seniors - 13.4.2026,13 Apr 2026 8:00 AM - 10:00 AM,,Toa Payoh Central CC,SCEC Coffee Session for Seniors - 13.4.2026,https://www.onepa.gov.sg/events/scec-coffee-session-for-seniors-13-4-2026-82788448,onepa,high,undated,2026-03-18T03:26:08.296813+00:00
b44d93a5c668ff62,SCEC Free Haircut for Seniors- 19.4.26,19 Apr 2026 9:00 AM - 10:30 AM,,Toa Payoh Central CC,SCEC Free Haircut for Seniors- 19.4.26,https://www.onepa.gov.sg/events/scec-free-haircut-for-seniors-19-4-26-15444535,onepa,high,undated,2026-03-18T03:26:08.299828+00:00
bbf407f067c093b8,"SCEC Workout Exercise - Fabulous, Fit and Fun",22 Mar 2026 9:30 AM - 1:00 PM,,Toa Payoh East CC,"SCEC Workout Exercise - Fabulous, Fit and Fun",https://www.onepa.gov.sg/events/scec-workout-exercise-fabulous-fit-and-fun-20433159,onepa,high,undated,2026-03-18T03:26:08.248031+00:00
cfb0a4ca0898bd77,SCEC 免费乐龄数码学习课程 Free Digital Workshop for Seniors - 20.3.26,20 Mar 2026 10:00 AM - 12:00 PM,,Toa Payoh Central CC,SCEC 免费乐龄数码学习课程 Free Digital Workshop for Seniors - 20.3.26,https://www.onepa.gov.sg/events/scec-free-digital-workshop-for-seniors-20-3-26-81194311,onepa,high,undated,2026-03-18T03:26:08.213849+00:00
73e8c31d2751141c,SS Health and Wellness Series: Geriatric Mental Health,19 Apr 2026 10:00 AM - 11:00 AM,,Hwi Yoh CC,SS Health and Wellness Series: Geriatric Mental Health,https://www.onepa.gov.sg/events/ss-health-and-wellness-series-geriatric-mental-health-40329294,onepa,high,undated,2026-03-18T03:26:08.311541+00:00
e25558a5e5bb038b,SWRN RUMMY-O 2 APR 26,02 Apr 2026 1:00 PM - 6:30 PM,,Selegie-Waterloo RN,SWRN RUMMY-O 2 APR 26,https://www.onepa.gov.sg/events/swrn-rummy-o-2-apr-26-26792229,onepa,high,undated,2026-03-18T03:26:08.214842+00:00
3dda3c5273207f53,SWRN RUMMY-O 21 MAY 26 THU,21 May 2026 1:00 PM - 6:30 PM,,Selegie-Waterloo RN,SWRN RUMMY-O 21 MAY 26 THU,https://www.onepa.gov.sg/events/swrn-rummy-o-21-may-26-thu-28402146,onepa,high,undated,2026-03-18T03:26:08.262111+00:00
a0db9789e4151d0a,SWRN RUMMY-O 9 APR 26,09 Apr 2026 1:00 PM - 6:30 PM,,Selegie-Waterloo RN,SWRN RUMMY-O 9 APR 26,https://www.onepa.gov.sg/events/swrn-rummy-o-9-apr-26-59680257,onepa,high,undated,2026-03-18T03:26:08.214842+00:00
d786aa71227e9eb5,Screening,,,Singapore,HealthHub healthy ageing programme,https://www.healthhub.sg/support-and-tools/screening,healthhub,low,undated,2026-03-18T03:26:22.305179+00:00
ec7a7088b146f371,Seletar-Serangoon AAC: Line Dance Jam (25 April 2026),25 Apr 2026 6:00 PM - 9:30 PM,,Hwi Yoh CC,Seletar-Serangoon AAC: Line Dance Jam (25 April 2026),https://www.onepa.gov.sg/events/seletar-serangoon-aac-line-dance-jam-25-april-2026-77222244,onepa,high,undated,2026-03-18T03:26:08.312542+00:00
670e77af23f8df01,Senior,,,Singapore,Personalise Content Select a profile to personalise content and resources for you: Senior Parent Youth Adult Browse without profile Personalise your browsing experience! Select a profile to personalise content and resources for you Personalise my experience Browse without profile,https://www.digitalforlife.gov.sg/senior,digitalforlife,low,undated,2026-03-18T03:26:18.218702+00:00
d51a139282b0a6cc,Sexual Health,,,Singapore,HealthHub healthy ageing programme,https://www.healthhub.sg/well-being-and-lifestyle/sexual-health,healthhub,low,undated,2026-03-18T03:26:22.305179+00:00
8d1bccfb846908d7,Shaping Tomorrow's Markets: ETF Strategies and Economic Outlook,,,Marina One Auditorium (West Tower Level 3),Eventbrite listing for seniors-related activities,https://www.eventbrite.sg/e/shaping-tomorrows-markets-etf-strategies-and-economic-outlook-tickets-1982656700563?aff=ebdssbdestsearch,eventbrite,medium,undated,2026-03-18T03:25:23.530709+00:00
f1e499373b595784,Shopping & Style,,,Singapore,Time Out Singapore things-to-do/event listing,https://www.timeout.com/singapore/shopping-style,timeoutsg,low,undated,2026-03-18T03:26:15.036060+00:00
8d80a6713b5e98da,Show all results,,,e Be Inspired Online Safety Festival,Show all results About Back About Digital for Life Movement & Fund Our Programmes and Projects Our Digital Ambassadors Our Partners News Releases Contact Us Learn Back Learn Events Resources Contribute Back Contribute Start a Project Partner with Us Volunteer Donate Be Inspired O,https://www.digitalforlife.gov.sg/learn/events/all-events/listing-of-digital-for-life---digital-clubs,digitalforlife,low,undated,2026-03-18T03:26:18.217696+00:00
7d0dd0ab87f9e1fc,Sign up now,,,Singapore,Clear Search Search Sign up now My e-Services My e-Services Search Menu Healthcare Directory Help Centre,https://www.healthhub.sg/overlays/overlay-content,healthhub,low,undated,2026-03-18T03:26:22.304153+00:00
91e66181ebc908e5,SingaiVizha 2026,,,GlassDome - Landmark of Good,Eventbrite listing for seniors-related activities,https://www.eventbrite.com/e/singaivizha-2026-tickets-1981987450819?aff=ebdssbdestsearch,eventbrite,medium,undated,2026-03-18T03:25:23.530709+00:00
1f7c5589825bf622,Singapore’s most unexpected party is happening under dinosaurs – last chance to get advance tickets,,,Singapore,Time Out Singapore things-to-do/event listing,https://www.timeout.com/singapore/news/singapores-most-unexpected-party-is-happening-under-dinosaurs-last-chance-to-get-advance-tickets-031726,timeoutsg,low,undated,2026-03-18T03:26:15.036060+00:00
340bf871a5fb5902,Sit-Down Exercises,,,Singapore,HealthHub healthy ageing programme,https://www.healthhub.sg/programmes/healthy-ageing/keeping-active/sit-down-exercises,healthhub,low,undated,2026-03-18T03:26:22.306152+00:00
f304631596c2d8eb,Statistics on Healthcare,,,Singapore,HealthHub healthy ageing programme,https://www.healthhub.sg/support-and-tools/statistics-on-healthcare,healthhub,low,undated,2026-03-18T03:26:22.305179+00:00
b30b26b311bfa4cc,Stay Active with Friends,,,Singapore,"I look forward to coming to the sessions to meet my new friends and it is motivating to exercise with friends. It makes me want to exercise more. Mdm Chin, 67 Stay Active with Friends",https://www.healthhub.sg/programmes/healthy-ageing/health-programmes/live-well-age-well#live-active?tab=rolling-good-times,healthhub,low,undated,2026-03-18T03:26:22.306152+00:00
456dba38dd301bbd,Step inside Lego's first-ever Shophouse Experience at Design Orchard from now till April,,,Singapore,Time Out Singapore things-to-do/event listing,https://www.timeout.com/singapore/news/step-inside-legos-first-ever-shophouse-experience-at-design-orchard-from-now-till-april-031326,timeoutsg,low,undated,2026-03-18T03:26:15.036060+00:00
811e3a45e2dc90c7,Step into a LEGO Peranakan-inspired shophouse at Design Orchard,,,Singapore,Time Out Singapore things-to-do/event listing,https://www.timeout.com/singapore/things-to-do/lego-shophouse-experience,timeoutsg,low,undated,2026-03-18T03:26:15.037060+00:00
e569c38de85ecd36,Stories,,,Singapore,Lions Befrienders programme/news entry,https://www.lionsbefrienders.org.sg/stories/,lionsbefrienders,low,undated,2026-03-18T03:25:30.030821+00:00
c53879d9478100f7,Sunday Line Dance Jam (IG) on 29 March 2026,29 Mar 2026 2:00 PM - 6:00 PM,,The Serangoon CC,Sunday Line Dance Jam (IG) on 29 March 2026,https://www.onepa.gov.sg/events/sunday-line-dance-jam-ig-on-29-march-2026-11518212,onepa,high,undated,2026-03-18T03:26:08.276451+00:00
42402f28f6e8943a,Support & Care Programmes,,,Singapore,Support & Care Programmes Screening,https://www.healthhub.sg/support-and-tools/support-and-care-programmes,healthhub,low,undated,2026-03-18T03:26:22.305179+00:00
a6ca4c207aea35df,TH WEC Board & Mind Games - 19 March 26,19 Mar 2026 11:00 AM - 5:00 PM,,Thomson CC,TH WEC Board & Mind Games - 19 March 26,https://www.onepa.gov.sg/events/th-wec-board-mind-games-19-march-26-70293515,onepa,high,undated,2026-03-18T03:26:08.297816+00:00
1cf3e6329702a810,Tampines Central SCEC - MARCH Line Dance Session 2026 (001),28 Mar 2026 6:00 PM - 9:00 PM,,Tampines Central CC,Tampines Central SCEC - MARCH Line Dance Session 2026 (001),https://www.onepa.gov.sg/events/tampines-central-scec-march-line-dance-session-2026-001-47268138,onepa,high,undated,2026-03-18T03:26:08.181588+00:00
ca6d8b365862751d,The Official Tarang Afters - By KLTR,,,Phuture at Zouk Singapore,Eventbrite listing for seniors-related activities,https://www.eventbrite.com/e/the-official-tarang-afters-by-kltr-tickets-1983610055072?aff=ebdssbdestsearch,eventbrite,medium,undated,2026-03-18T03:25:23.530709+00:00
62c4f0ed9fd0441c,The best Singapore attractions to visit that both tourists and locals will love,,,Singapore,Time Out Singapore things-to-do/event listing,https://www.timeout.com/singapore/attractions/the-best-singapore-attractions,timeoutsg,low,undated,2026-03-18T03:26:15.037060+00:00
84738b1752d6e907,The best beautiful and hidden beaches in Singapore,,,Singapore,Time Out Singapore things-to-do/event listing,https://www.timeout.com/singapore/things-to-do/the-best-beautiful-and-hidden-beaches-in-singapore,timeoutsg,low,undated,2026-03-18T03:26:15.037060+00:00
efe6ee51d478bbf5,The best cycling trails in Singapore,,,Singapore,Time Out Singapore things-to-do/event listing,https://www.timeout.com/singapore/things-to-do/the-best-cycling-trails-in-singapore,timeoutsg,low,undated,2026-03-18T03:26:15.037060+00:00
45b9672f77d99159,The best free date ideas in Singapore,,,Singapore,Time Out Singapore things-to-do/event listing,https://www.timeout.com/singapore/sex-and-dating/the-best-free-date-ideas-in-singapore,timeoutsg,low,undated,2026-03-18T03:26:15.037060+00:00
e7e23ede9d0f5793,The best free museums in Singapore,,,Singapore,Time Out Singapore things-to-do/event listing,https://www.timeout.com/singapore/art/best-free-museums-in-singapore,timeoutsg,low,undated,2026-03-18T03:26:15.037060+00:00
f072a7c6f94f0681,The best free things to do in Singapore,,,Singapore,Time Out Singapore things-to-do/event listing,https://www.timeout.com/singapore/things-to-do/free-things-to-do-singapore,timeoutsg,low,undated,2026-03-18T03:26:15.037060+00:00
5d2182790297152d,The best free water parks in Singapore,,,Singapore,Time Out Singapore things-to-do/event listing,https://www.timeout.com/singapore/kids/best-free-outdoor-water-parks-in-singapore,timeoutsg,low,undated,2026-03-18T03:26:15.037060+00:00
72b5d271806a3e14,The best hidden trails in Singapore to explore,,,Singapore,Time Out Singapore things-to-do/event listing,https://www.timeout.com/singapore/things-to-do/trails-off-the-beaten-path,timeoutsg,low,undated,2026-03-18T03:26:15.037060+00:00
163987e2581178c2,The best hiking trails in Singapore,,,Singapore,Time Out Singapore things-to-do/event listing,https://www.timeout.com/singapore/things-to-do/best-hiking-trails-in-singapore,timeoutsg,low,undated,2026-03-18T03:26:15.037060+00:00
d1cd6ca0ad1e878d,The best natural landmarks in Singapore,,,Singapore,Time Out Singapore things-to-do/event listing,https://www.timeout.com/singapore/things-to-do/the-best-natural-landmarks-in-singapore,timeoutsg,low,undated,2026-03-18T03:26:15.037060+00:00
3e638f8d8dc9f5a5,The best parks for picnics in Singapore,,,Singapore,Time Out Singapore things-to-do/event listing,https://www.timeout.com/singapore/things-to-do/best-parks-for-picnics-in-singapore,timeoutsg,low,undated,2026-03-18T03:26:15.037060+00:00
e6b8c1ada25f3bbc,The best places to stargaze in Singapore,,,Singapore,Time Out Singapore things-to-do/event listing,https://www.timeout.com/singapore/things-to-do/the-best-places-to-stargaze-in-singapore,timeoutsg,low,undated,2026-03-18T03:26:15.037060+00:00
3d44703300f0dc1a,The best secret and hidden parks in Singapore,,,Singapore,Time Out Singapore things-to-do/event listing,https://www.timeout.com/singapore/things-to-do/best-secret-parks-and-hidden-green-spaces-in-singapore-to-explore,timeoutsg,low,undated,2026-03-18T03:26:15.037060+00:00
81a1f037860b4730,The best spots and places to watch the sunrise and sunset in Singapore,,,Singapore,Time Out Singapore things-to-do/event listing,https://www.timeout.com/singapore/things-to-do/where-to-watch-the-sunrise-in-singapore,timeoutsg,low,undated,2026-03-18T03:26:15.037060+00:00
736c7486510a8197,The best things to do in Singapore this week (March 16-22),,,Singapore,Time Out Singapore things-to-do/event listing,https://www.timeout.com/singapore/things-to-do/the-time-out-singapore-hotlist,timeoutsg,low,undated,2026-03-18T03:26:15.036060+00:00
f66fc03bea645621,The ultimate guide to Singapore's offshore islands,,,Singapore,Time Out Singapore things-to-do/event listing,https://www.timeout.com/singapore/things-to-do/guide-to-singapores-offshore-islands,timeoutsg,low,undated,2026-03-18T03:26:15.037060+00:00
bc22e6d4ede94c1b,Things to Do,,,Singapore,Time Out Singapore things-to-do/event listing,https://www.timeout.com/singapore/things-to-do,timeoutsg,low,undated,2026-03-18T03:26:15.036060+00:00
263903f0094afa0c,Thomson SCEC Social Dance Interest Group - Mar 2026 to May 2026,04 Mar 2026 - 27 May 2026 1:00 PM - 3:00 PM,,Thomson CC,Thomson SCEC Social Dance Interest Group - Mar 2026 to May 2026,https://www.onepa.gov.sg/events/thomson-scec-social-dance-interest-group-mar-2026-to-may-2026-55111332,onepa,high,undated,2026-03-18T03:26:08.199832+00:00
1d7aa3ab23b3cd47,Toa Payoh East CC IAEC Chair Champions - 28/03/26,28 Mar 2026 11:30 AM - 12:30 PM,,Toa Payoh East CC,Toa Payoh East CC IAEC Chair Champions - 28/03/26,https://www.onepa.gov.sg/events/toa-payoh-east-cc-iaec-chair-champions-28-03-26-49363037,onepa,high,undated,2026-03-18T03:26:08.245029+00:00
d63da55aa3503730,Toa Payoh East CC SCEC IG Group Live Band Sharing Session (Every Sunday 6.30pm to 9.30pm) - January to March 2026,04 Jan 2026 - 29 Mar 2026 6:30 PM - 9:30 PM,,Toa Payoh East CC,Toa Payoh East CC SCEC IG Group Live Band Sharing Session (Every Sunday 6.30pm to 9.30pm) - January to March 2026,https://www.onepa.gov.sg/events/toa-payoh-east-cc-scec-ig-group-live-band-sharing-session-every-sunday-6-30pm-to-9-30pm-january-to-march-2026-80919110,onepa,high,undated,2026-03-18T03:26:08.163585+00:00
67c386b0e47f80e6,Toa Payoh East CC SCEC IG Group Live Band Sharing Session (Every Thursday 6.30pm to 9.30pm) - January to March 2026,08 Jan 2026 - 26 Mar 2026 6:30 PM - 9:30 PM,,Toa Payoh East CC,Toa Payoh East CC SCEC IG Group Live Band Sharing Session (Every Thursday 6.30pm to 9.30pm) - January to March 2026,https://www.onepa.gov.sg/events/toa-payoh-east-cc-scec-ig-group-live-band-sharing-session-every-thursday-6-30pm-to-9-30pm-january-to-march-2026-44181903,onepa,high,undated,2026-03-18T03:26:08.178567+00:00
df445a9acc2e6b6a,Toa Payoh East CC SCEC Karaoke Singing (14/1/26 to 8/4/26) Every Wednesday 4.30pm to 8.30pm,14 Jan 2026 - 08 Apr 2026 4:30 PM - 8:30 PM,,Toa Payoh East CC,Toa Payoh East CC SCEC Karaoke Singing (14/1/26 to 8/4/26) Every Wednesday 4.30pm to 8.30pm,https://www.onepa.gov.sg/events/toa-payoh-east-cc-scec-karaoke-singing-14-1-26-to-8-4-26-every-wednesday-4-30pm-to-8-30pm-79424797,onepa,high,undated,2026-03-18T03:26:08.176564+00:00
1576b0da5314494d,Toa Payoh East CC SCEC Pickle Ball –February 2026 to April 2026,05 Feb 2026 - 30 Apr 2026 7:30 PM - 9:30 PM,,Toa Payoh East CC,Toa Payoh East CC SCEC Pickle Ball –February 2026 to April 2026,https://www.onepa.gov.sg/events/toa-payoh-east-cc-scec-pickle-ball-february-2026-to-april-2026-14563744,onepa,high,undated,2026-03-18T03:26:08.230848+00:00
b4e8ad9aee3d331d,Toa Payoh East SCEC Rummy O Games for Seniors (Jan 26 to Mar 26),04 Jan 2026 - 29 Mar 2026 2:00 PM - 5:00 PM,,Toa Payoh East CC,Toa Payoh East SCEC Rummy O Games for Seniors (Jan 26 to Mar 26),https://www.onepa.gov.sg/events/toa-payoh-east-scec-rummy-o-games-for-seniors-jan-26-to-mar-26-10380858,onepa,high,undated,2026-03-18T03:26:08.179565+00:00
0cc13b2683cd25cd,Toa Payoh East Zone 7 RN - Mandarin TCM Talk 更年期综合症 中医调养与穴位保健 11/4/2026 10am to 12pm,11 Apr 2026 10:00 AM - 12:00 PM,,Toa Payoh East Zone 7 RN,Toa Payoh East Zone 7 RN - Mandarin TCM Talk 更年期综合症 中医调养与穴位保健 11/4/2026 10am to 12pm,https://www.onepa.gov.sg/events/toa-payoh-east-zone-7-rn-mandarin-tcm-talk-11-4-2026-10am-to-12pm-64279204,onepa,high,undated,2026-03-18T03:26:08.292462+00:00
3850d85053e6bddb,Transport to Japan for cherry blossom season at Gardens by the Bay,,,Singapore,Time Out Singapore things-to-do/event listing,https://www.timeout.com/singapore/things-to-do/sakura-at-gardens-by-the-bay,timeoutsg,low,undated,2026-03-18T03:26:15.037060+00:00
c4b68bf583aa58b5,Travel Health,,,Singapore,HealthHub healthy ageing programme,https://www.healthhub.sg/well-being-and-lifestyle/travel-health,healthhub,low,undated,2026-03-18T03:26:22.305179+00:00
790125d3c9c9bf5b,"Waitlist Cha Cha Cha Group Class (Adults, All Levels) Every Fri · Mar 20 · 7:15 PM SST by Singapore Sports Classes 1 attendee",,,Singapore,Meetup seniors-related event listing,https://www.meetup.com/sports-classes-in-singapore/events/313571950/?recId=bef88ca4-79cf-4c6e-91ed-f0d26663f8fa&recSource=event-search&searchId=cf73b37f-6945-45a5-b743-95b1fe4f819c&eventOrigin=find_page%24all,meetup,low,undated,2026-03-18T03:26:13.035639+00:00
76242eb942da21c4,"Waitlist Cha Cha III Group Class (Adults, Advanced) Every Fri · Mar 20 · 7:30 PM SST by Singapore Sports Classes 1 attendee",,,Singapore,Meetup seniors-related event listing,https://www.meetup.com/sports-classes-in-singapore/events/313572548/?recId=bef88ca4-79cf-4c6e-91ed-f0d26663f8fa&recSource=event-search&searchId=cf73b37f-6945-45a5-b743-95b1fe4f819c&eventOrigin=find_page%24all,meetup,low,undated,2026-03-18T03:26:13.035639+00:00
554055f32be3809f,"Waitlist Jive Group Class (Adults, All Levels) Every Fri · Mar 20 · 6:30 PM SST by Singapore Sports Classes 1 attendee",,,Singapore,Meetup seniors-related event listing,https://www.meetup.com/sports-classes-in-singapore/events/313572148/?recId=bef88ca4-79cf-4c6e-91ed-f0d26663f8fa&recSource=event-search&searchId=cf73b37f-6945-45a5-b743-95b1fe4f819c&eventOrigin=find_page%24all,meetup,low,undated,2026-03-18T03:26:13.035639+00:00
459b704333154f8e,"Waitlist Korean Dance Group Class (Adults, Intermediate) Every Sun · Mar 22 · 11:30 AM SST by Singapore Sports Classes 1 attendee",,,Singapore,Meetup seniors-related event listing,https://www.meetup.com/sports-classes-in-singapore/events/313597573/?recId=bef88ca4-79cf-4c6e-91ed-f0d26663f8fa&recSource=event-search&searchId=cf73b37f-6945-45a5-b743-95b1fe4f819c&eventOrigin=find_page%24all,meetup,low,undated,2026-03-18T03:26:13.035639+00:00
0eeffd3fb33b5351,"Waitlist Rock & Roll Group Class (Adults, All Levels) Every Fri · Mar 20 · 6:30 PM SST by Singapore Sports Classes 1 attendee",,,Singapore,Meetup seniors-related event listing,https://www.meetup.com/sports-classes-in-singapore/events/313571931/?recId=bef88ca4-79cf-4c6e-91ed-f0d26663f8fa&recSource=event-search&searchId=cf73b37f-6945-45a5-b743-95b1fe4f819c&eventOrigin=find_page%24all,meetup,low,undated,2026-03-18T03:26:13.032638+00:00
ae784e60570dbf99,Where to see interesting architecture in Singapore,,,Singapore,Time Out Singapore things-to-do/event listing,https://www.timeout.com/singapore/attractions/iconic-architecture-and-landmarks-in-singapore,timeoutsg,low,undated,2026-03-18T03:26:15.037060+00:00
cb016e84cdfd7509,Worry-Free Retirement - Two Frameworks to Make Your Money Last Longer!,,,Phillip Investor Centre Lite - Tai Seng,Eventbrite listing for seniors-related activities,https://www.eventbrite.sg/e/worry-free-retirement-two-frameworks-to-make-your-money-last-longer-tickets-1984658913235?aff=ebdssbdestsearch,eventbrite,medium,undated,2026-03-18T03:25:23.498960+00:00
cbbea47267883620,Yuhua Zone 8 Line Dance (January - March 2026),02 Jan 2026 - 27 Mar 2026 9:00 AM - 10:00 AM,,Yuhua Zone 8 RN,Yuhua Zone 8 Line Dance (January - March 2026),https://www.onepa.gov.sg/events/yuhua-zone-8-line-dance-january-march-2026-89221191,onepa,high,undated,2026-03-18T03:26:08.168566+00:00
25e80afeaa176bac,Yuhua Zone 9 @ TGP 2026 Jan to Mar - 312 Meridian Exercise,01 Jan 2026 - 31 Mar 2026 7:00 PM - 9:30 PM,,Yuhua Zone 9 @ Tgp RN,Yuhua Zone 9 @ TGP 2026 Jan to Mar - 312 Meridian Exercise,https://www.onepa.gov.sg/events/yuhua-zone-9-tgp-2026-jan-to-mar-312-meridian-exercise-24167056,onepa,high,undated,2026-03-18T03:26:08.171566+00:00
465a63ce72e8ceae,Yuhua Zone 9 @ TGP 2026 Jan to Mar - FunWalk,01 Jan 2026 - 31 Mar 2026 6:30 AM - 8:30 AM,,Yuhua Zone 9 @ Tgp RN,Yuhua Zone 9 @ TGP 2026 Jan to Mar - FunWalk,https://www.onepa.gov.sg/events/yuhua-zone-9-tgp-2026-jan-to-mar-funwalk-39174806,onepa,high,undated,2026-03-18T03:26:08.174564+00:00
62e3deb690514938,Yuhua Zone 9 @ TGP 2026 Jan to Mar - Line Dance,01 Jan 2026 - 31 Mar 2026 7:00 PM - 9:30 PM,,Yuhua Zone 9 @ Tgp RN,Yuhua Zone 9 @ TGP 2026 Jan to Mar - Line Dance,https://www.onepa.gov.sg/events/yuhua-zone-9-tgp-2026-jan-to-mar-line-dance-73893116,onepa,high,undated,2026-03-18T03:26:08.175564+00:00
353a73bae439858a,Yuhua Zone 9 @ TGP 2026 Jan to Mar - Pai Du Cao,01 Jan 2026 - 31 Mar 2026 7:00 PM - 10:00 PM,,Yuhua Zone 9 @ Tgp RN,Yuhua Zone 9 @ TGP 2026 Jan to Mar - Pai Du Cao,https://www.onepa.gov.sg/events/yuhua-zone-9-tgp-2026-jan-to-mar-pai-du-cao-26087570,onepa,high,undated,2026-03-18T03:26:08.201782+00:00
f55fa7c97a5f590b,Yuhua Zone 9 @ TGP 2026 Jan to Mar - Qi Gong IG,01 Jan 2026 - 31 Mar 2026 5:00 AM - 8:30 AM,,Yuhua Zone 9 @ Tgp RN,Yuhua Zone 9 @ TGP 2026 Jan to Mar - Qi Gong IG,https://www.onepa.gov.sg/events/yuhua-zone-9-tgp-2026-jan-to-mar-qi-gong-ig-34619551,onepa,high,undated,2026-03-18T03:26:08.202789+00:00
880ec8269e73645b,Yuhua Zone 9 @ TGP 2026 Jan to Mar - Tai Ji IG,01 Jan 2026 - 31 Mar 2026 6:30 AM - 9:30 AM,,Yuhua Zone 9 @ Tgp RN,Yuhua Zone 9 @ TGP 2026 Jan to Mar - Tai Ji IG,https://www.onepa.gov.sg/events/yuhua-zone-9-tgp-2026-jan-to-mar-tai-ji-ig-97201073,onepa,high,undated,2026-03-18T03:26:08.205823+00:00
a13771763190822d,Yuhua Zone 9 @ TGP 2026 Jan to Mar - Wellness Dancercise IG,01 Jan 2026 - 31 Mar 2026 7:30 AM - 10:00 AM,,Yuhua Zone 9 @ Tgp RN,Yuhua Zone 9 @ TGP 2026 Jan to Mar - Wellness Dancercise IG,https://www.onepa.gov.sg/events/yuhua-zone-9-tgp-2026-jan-to-mar-wellness-dancercise-ig-83717665,onepa,high,undated,2026-03-18T03:26:08.204772+00:00
8ba1d6cf831de9b1,[AAC] Grandparents' Day Variety Show,24 May 2026 2:00 PM - 5:00 PM,,Siglap South CC,[AAC] Grandparents' Day Variety Show,https://www.onepa.gov.sg/events/aac-grandparents-day-variety-show-66466002,onepa,high,undated,2026-03-18T03:26:08.207871+00:00
a7c0cf31f8d50e27,[Ang Mo Kio CC WEC] Line Dance Jam - Sunday 26 April 2026,26 Apr 2026 2:00 PM - 6:00 PM,,Ang Mo Kio CC,[Ang Mo Kio CC WEC] Line Dance Jam - Sunday 26 April 2026,https://www.onepa.gov.sg/events/ang-mo-kio-cc-wec-line-dance-jam-sunday-26-april-2026-33223655,onepa,high,undated,2026-03-18T03:26:08.305759+00:00
c6c4217c1260d088,[Fernvale Zone B] Digital for Life : Digital Workshop (8 April 2026),08 Apr 2026 10:00 AM - 12:00 PM,,Fernvale Zone B RN,[Fernvale Zone B] Digital for Life : Digital Workshop (8 April 2026),https://www.onepa.gov.sg/events/fernvale-zone-b-digital-for-life-digital-workshop-8-april-2026-55109336,onepa,high,undated,2026-03-18T03:26:08.303753+00:00
079431d9938a19f8,[Ixora RC 2026] English Karaoke Interest Group - Every Monday,12 Jan 2026 - 31 Dec 2026 9:00 AM - 1:00 PM,,Bedok Ixora RC,[Ixora RC 2026] English Karaoke Interest Group - Every Monday,https://www.onepa.gov.sg/events/ixora-rc-2026-english-karaoke-interest-group-every-monday-23963534,onepa,high,undated,2026-03-18T03:26:08.239010+00:00
4e7d448671e47000,[Ixora RC 2026] Mandarin Karaoke Interest Group - Every Friday,01 Jan 2026 - 31 Dec 2026 9:00 AM - 1:00 PM,,Bedok Ixora RC,[Ixora RC 2026] Mandarin Karaoke Interest Group - Every Friday,https://www.onepa.gov.sg/events/ixora-rc-2026-mandarin-karaoke-interest-group-every-friday-73706117,onepa,high,undated,2026-03-18T03:26:08.218823+00:00
2be91927172e32a7,[Limbang CC SCEC] Briskwalk at Punggol Waterway Park - 15 April 2026,15 Apr 2026 8:00 AM - 1:00 PM,,Limbang CC,[Limbang CC SCEC] Briskwalk at Punggol Waterway Park - 15 April 2026,https://www.onepa.gov.sg/events/limbang-cc-scec-briskwalk-at-punggol-waterway-park-15-april-2026-61380132,onepa,high,undated,2026-03-18T03:26:08.257031+00:00
979bd159f5016428,"[Limbang CC SCEC] Movie Screening (A Good Fortune} - 25 March 2026, Wednesday",25 Mar 2026 10:00 AM - 1:00 PM,,Limbang CC,"[Limbang CC SCEC] Movie Screening (A Good Fortune} - 25 March 2026, Wednesday",https://www.onepa.gov.sg/events/limbang-cc-scec-movie-screening-a-good-fortune-25-march-2026-wednesday-39450506,onepa,high,undated,2026-03-18T03:26:08.268012+00:00
b05171d43b73f91d,[Limbang-YMG] Yew Mei Green Senior Karaoke (March 2026),25 Mar 2026 6:00 PM - 10:00 PM,,Yew Mei Green RN,[Limbang-YMG] Yew Mei Green Senior Karaoke (March 2026),https://www.onepa.gov.sg/events/limbang-ymg-yew-mei-green-senior-karaoke-march-2026-40444102,onepa,high,undated,2026-03-18T03:26:08.275013+00:00
ca1f8d2801a42814,[Woodlands Zone 2 RN] - Dance Fit Club (HealthierSG),02 Sep 2025 - 25 Aug 2026 7:30 PM - 9:30 PM,,Woodlands Zone 2 RN,[Woodlands Zone 2 RN] - Dance Fit Club (HealthierSG),https://www.onepa.gov.sg/events/woodlands-zone-2-rn-dance-fit-club-healthiersg-39858500,onepa,high,undated,2026-03-18T03:26:08.294205+00:00
07eb94815d1c5124,"[Yew Tee AAC] Digital for Life, Set Up and Use Smart Devices (18 March 2026)",18 Mar 2026 2:00 PM - 4:00 PM,,Yew Tee CC,"[Yew Tee AAC] Digital for Life, Set Up and Use Smart Devices (18 March 2026)",https://www.onepa.gov.sg/events/yew-tee-aac-digital-for-life-set-up-and-use-smart-devices-18-march-2026-21654008,onepa,high,undated,2026-03-18T03:26:08.266010+00:00
0d33433a7b5ab998,[Yew Tee CC SCEC & Yew Tee AAC] Fitness Square Dance (January 2026 - June 2026),01 Jan 2026 - 30 Jun 2026 7:30 AM - 8:30 AM,,Yew Tee CC,[Yew Tee CC SCEC & Yew Tee AAC] Fitness Square Dance (January 2026 - June 2026),https://www.onepa.gov.sg/events/yew-tee-cc-scec-yew-tee-aac-fitness-square-dance-january-2026-june-2026-64635909,onepa,high,undated,2026-03-18T03:26:08.242033+00:00
254fbf847ac68748,[Yew Tee CC SCEC & Yew Tee AAC] Seniors' Haircut (5 April 2026),05 Apr 2026 10:00 AM - 12:00 PM,,Yew Tee CC,[Yew Tee CC SCEC & Yew Tee AAC] Seniors' Haircut (5 April 2026),https://www.onepa.gov.sg/events/yew-tee-cc-scec-yew-tee-aac-seniors-haircut-5-april-2026-19835286,onepa,high,undated,2026-03-18T03:26:08.252027+00:00
41c4867606af364e,[Yew Tee CC SCEC & Yew Tee AAC] Silver Strength - A 13 Weeks Programme,05 Jan 2026 - 13 Apr 2026 7:30 PM - 8:30 PM,,Yew Tee CC,[Yew Tee CC SCEC & Yew Tee AAC] Silver Strength - A 13 Weeks Programme,https://www.onepa.gov.sg/events/yew-tee-cc-scec-yew-tee-aac-silver-strength-a-13-weeks-programme-61451665,onepa,high,undated,2026-03-18T03:26:08.267010+00:00
73cd8e7a9befbe9c,​​Healthy Ageing Hub,,,Singapore,Clear Search Search Sign up now My e-Services My e-Services Search Menu Healthcare Directory Help Centre Highlights & Insights Expert Voices Health Safety Advisory Latest Latest Q&A: Wrist and Chronic Back Pain Read more Q&A: Skin Bumps Read more Trending Trending Q&A: Spicy Food,https://www.healthhub.sg/,healthhub,low,undated,2026-03-18T03:26:22.304153+00:00
361df1efa3654e46,Report Vulnerability,30 Jan 2026,2026-01-30T00:00:00+00:00,"ement Terms of Use Reach © 2026, Digital for Life Last updated 30 Jan 2026","Report Vulnerability Supported Browser Privacy Statement Terms of Use Reach © 2026, Digital for Life Last updated 30 Jan 2026",https://www.tech.gov.sg/report_vulnerability,digitalforlife,medium,upcoming,2026-03-18T03:26:18.219706+00:00
95210a183805f14f,FREE Guitar Trial Lesson @ Cristofori Hougang,Friday at 4:30,2026-03-20T04:30:00+00:00,Cristofori Music School (Hougang),Eventbrite listing for seniors-related activities,https://www.eventbrite.sg/e/free-guitar-trial-lesson-cristofori-hougang-tickets-1982259791397?aff=ebdssbdestsearch,eventbrite,high,upcoming,2026-03-18T03:25:23.521475+00:00
eac88df79120896c,"$50.00 Deep Dive into Pranayama, Breathwork and Qigong (Senior Teacher Sarah Manning) Sat, Mar 21 · 7:30 AM SST by Conscious Happiness 4.5 1 attendee","Sat, Mar 21 · 7:30 AM SST",2026-03-21T07:30:00+00:00,Singapore,Meetup seniors-related event listing,https://www.meetup.com/letsbehappy/events/313447012/?recId=bef88ca4-79cf-4c6e-91ed-f0d26663f8fa&recSource=event-search&searchId=cf73b37f-6945-45a5-b743-95b1fe4f819c&eventOrigin=find_page%24all,meetup,medium,upcoming,2026-03-18T03:26:13.032638+00:00
7a9162f7ff4f122e,Free Pre-Life Planning Columbarium Tour *Asia 1st Smart Columbarium*,Saturday at 11:00,2026-03-21T11:00:00+00:00,Sengkang MRT Pick-Up Point (Sengkang Square),Eventbrite listing for seniors-related activities,https://www.eventbrite.com/e/free-pre-life-planning-columbarium-tour-asia-1st-smart-columbarium-tickets-1855340516429?aff=ebdssbdestsearch,eventbrite,high,upcoming,2026-03-18T03:25:23.522477+00:00
706a2b45d727e1f3,"Geylang River Walk Sat, Mar 21 · 6:00 PM SST by Project 50 4.8 11 attendees","Sat, Mar 21 · 6:00 PM SST",2026-03-21T18:00:00+00:00,Singapore,Meetup seniors-related event listing,https://www.meetup.com/project-50/events/313758117/?recId=bef88ca4-79cf-4c6e-91ed-f0d26663f8fa&recSource=event-search&searchId=cf73b37f-6945-45a5-b743-95b1fe4f819c&eventOrigin=find_page%24all,meetup,medium,upcoming,2026-03-18T03:26:13.039849+00:00
307bf2c36e9075b0,"Softball Training for Diamond Warriors Regulars and Newbies Sun, Mar 22 · 3:00 PM SST by Diamond Warriors Softball 4.9 8 attendees","Sun, Mar 22 · 3:00 PM SST",2026-03-22T15:00:00+00:00,Singapore,Meetup seniors-related event listing,https://www.meetup.com/diamond-warriors-softball/events/313827729/?recId=bef88ca4-79cf-4c6e-91ed-f0d26663f8fa&recSource=event-search&searchId=cf73b37f-6945-45a5-b743-95b1fe4f819c&eventOrigin=find_page%24all,meetup,medium,upcoming,2026-03-18T03:26:13.034639+00:00
da1b55c8937dd7fe,"JuniorDevSG - Code & Tell March 2026 Tue, Mar 24 · 7:00 PM SST by Junior Developers Singapore 4.6 26 attendees","Tue, Mar 24 · 7:00 PM SST",2026-03-24T19:00:00+00:00,Singapore,Meetup seniors-related event listing,https://www.meetup.com/junior-developers-singapore/events/313772409/?recId=bef88ca4-79cf-4c6e-91ed-f0d26663f8fa&recSource=event-search&searchId=cf73b37f-6945-45a5-b743-95b1fe4f819c&eventOrigin=find_page%24all,meetup,medium,upcoming,2026-03-18T03:26:13.026641+00:00
2661ed6357bcbc80,SMS (Seniors-Meet-Seniors) @ NLB on 26 March 2026 (Thursday),26 March 2026,2026-03-26T00:00:00+00:00,Bishan Public Library,Eventbrite listing for seniors-related activities,https://www.eventbrite.sg/e/sms-seniors-meet-seniors-nlb-on-26-march-2026-thursday-tickets-1984542203152?aff=ebdssbdestsearch,eventbrite,high,upcoming,2026-03-18T03:25:23.530709+00:00
1ffbee7696165582,"Continuous Glucose Monitoring: New Opportunities for Data-Driven Health Insights Thu, Mar 26 · 7:00 PM SST by Singapore Longevity and Health Meetup 4.4 7 attendees","Thu, Mar 26 · 7:00 PM SST",2026-03-26T19:00:00+00:00,Singapore,Meetup seniors-related event listing,https://www.meetup.com/singapore-longevity-and-health-meetup/events/313766190/?recId=bef88ca4-79cf-4c6e-91ed-f0d26663f8fa&recSource=event-search&searchId=cf73b37f-6945-45a5-b743-95b1fe4f819c&eventOrigin=find_page%24all,meetup,medium,upcoming,2026-03-18T03:26:13.028626+00:00
78f723dced258b1c,"9 seats left The Second Prime: Men’s Edition ( Sat, Mar 28 · 6:30 PM SST by Prime Midlife 1 attendee","Sat, Mar 28 · 6:30 PM SST",2026-03-28T18:30:00+00:00,Singapore,Meetup seniors-related event listing,https://www.meetup.com/prime-midlife/events/313616451/?recId=bef88ca4-79cf-4c6e-91ed-f0d26663f8fa&recSource=event-search&searchId=cf73b37f-6945-45a5-b743-95b1fe4f819c&eventOrigin=find_page%24all,meetup,medium,upcoming,2026-03-18T03:26:13.024621+00:00
db980ebc72215f65,"Coffee, Tea or Me? (Ladies 35 - 45, Gentlemen ≤ 48) Sun, Mar 29 · 3:00 PM SST by Singapore Dating Events by CompleteMe Dating Agency 4.4 3 attendees","Sun, Mar 29 · 3:00 PM SST",2026-03-29T15:00:00+00:00,Singapore,Meetup seniors-related event listing,https://www.meetup.com/singaporedatingevents/events/313740154/?recId=bef88ca4-79cf-4c6e-91ed-f0d26663f8fa&recSource=event-search&searchId=cf73b37f-6945-45a5-b743-95b1fe4f819c&eventOrigin=find_page%24all,meetup,medium,upcoming,2026-03-18T03:26:13.036661+00:00
